<?xml version="1.0" encoding="UTF-8"?>
<!DOCTYPE mapper PUBLIC "-//mybatis.org//DTD Mapper 3.0//EN" "http://mybatis.org/dtd/mybatis-3-mapper.dtd">
<mapper namespace="cn.yutang.backend.dao.FoodOrdersMapper">
  <resultMap id="BaseResultMap" type="cn.yutang.backend.pojo.po.FoodOrders">
    <!--
      WARNING - @mbg.generated
      This element is automatically generated by MyBatis Generator, do not modify.
    -->
    <id column="or_id" jdbcType="VARCHAR" property="orId" />
    <result column="tb_id" jdbcType="BIGINT" property="tbId" />
    <result column="or_beginTime" jdbcType="TIMESTAMP" property="orBegintime" />
    <result column="or_endTime" jdbcType="TIMESTAMP" property="orEndtime" />
    <result column="or_status" jdbcType="INTEGER" property="orStatus" />
    <result column="or_totalPrice" jdbcType="DOUBLE" property="orTotalprice" />
    <result column="ct_id" jdbcType="INTEGER" property="ctId" />
    <result column="shop_id" jdbcType="INTEGER" property="shopId" />
    <result column="or_pcount" jdbcType="INTEGER" property="orPcount" />
  </resultMap>
  <sql id="Example_Where_Clause">
    <!--
      WARNING - @mbg.generated
      This element is automatically generated by MyBatis Generator, do not modify.
    -->
    <where>
      <foreach collection="oredCriteria" item="criteria" separator="or">
        <if test="criteria.valid">
          <trim prefix="(" prefixOverrides="and" suffix=")">
            <foreach collection="criteria.criteria" item="criterion">
              <choose>
                <when test="criterion.noValue">
                  and ${criterion.condition}
                </when>
                <when test="criterion.singleValue">
                  and ${criterion.condition} #{criterion.value}
                </when>
                <when test="criterion.betweenValue">
                  and ${criterion.condition} #{criterion.value} and #{criterion.secondValue}
                </when>
                <when test="criterion.listValue">
                  and ${criterion.condition}
                  <foreach close=")" collection="criterion.value" item="listItem" open="(" separator=",">
                    #{listItem}
                  </foreach>
                </when>
              </choose>
            </foreach>
          </trim>
        </if>
      </foreach>
    </where>
  </sql>
  <sql id="Update_By_Example_Where_Clause">
    <!--
      WARNING - @mbg.generated
      This element is automatically generated by MyBatis Generator, do not modify.
    -->
    <where>
      <foreach collection="example.oredCriteria" item="criteria" separator="or">
        <if test="criteria.valid">
          <trim prefix="(" prefixOverrides="and" suffix=")">
            <foreach collection="criteria.criteria" item="criterion">
              <choose>
                <when test="criterion.noValue">
                  and ${criterion.condition}
                </when>
                <when test="criterion.singleValue">
                  and ${criterion.condition} #{criterion.value}
                </when>
                <when test="criterion.betweenValue">
                  and ${criterion.condition} #{criterion.value} and #{criterion.secondValue}
                </when>
                <when test="criterion.listValue">
                  and ${criterion.condition}
                  <foreach close=")" collection="criterion.value" item="listItem" open="(" separator=",">
                    #{listItem}
                  </foreach>
                </when>
              </choose>
            </foreach>
          </trim>
        </if>
      </foreach>
    </where>
  </sql>
  <sql id="Base_Column_List">
    <!--
      WARNING - @mbg.generated
      This element is automatically generated by MyBatis Generator, do not modify.
    -->
    or_id, tb_id, or_beginTime, or_endTime, or_status, or_totalPrice, ct_id, shop_id, 
    or_pcount
  </sql>
  <select id="selectByExample" parameterType="cn.yutang.backend.pojo.po.FoodOrdersExample" resultMap="BaseResultMap">
    <!--
      WARNING - @mbg.generated
      This element is automatically generated by MyBatis Generator, do not modify.
    -->
    select
    <if test="distinct">
      distinct
    </if>
    <include refid="Base_Column_List" />
    from FoodOrders
    <if test="_parameter != null">
      <include refid="Example_Where_Clause" />
    </if>
    <if test="orderByClause != null">
      order by ${orderByClause}
    </if>
  </select>
  <select id="selectByPrimaryKey" parameterType="java.lang.String" resultMap="BaseResultMap">
    <!--
      WARNING - @mbg.generated
      This element is automatically generated by MyBatis Generator, do not modify.
    -->
    select 
    <include refid="Base_Column_List" />
    from FoodOrders
    where or_id = #{orId,jdbcType=VARCHAR}
  </select>
  <delete id="deleteByPrimaryKey" parameterType="java.lang.String">
    <!--
      WARNING - @mbg.generated
      This element is automatically generated by MyBatis Generator, do not modify.
    -->
    delete from FoodOrders
    where or_id = #{orId,jdbcType=VARCHAR}
  </delete>
  <delete id="deleteByExample" parameterType="cn.yutang.backend.pojo.po.FoodOrdersExample">
    <!--
      WARNING - @mbg.generated
      This element is automatically generated by MyBatis Generator, do not modify.
    -->
    delete from FoodOrders
    <if test="_parameter != null">
      <include refid="Example_Where_Clause" />
    </if>
  </delete>
  <insert id="insert" parameterType="cn.yutang.backend.pojo.po.FoodOrders">
    <!--
      WARNING - @mbg.generated
      This element is automatically generated by MyBatis Generator, do not modify.
    -->
    insert into FoodOrders (or_id, tb_id, or_beginTime, 
      or_endTime, or_status, or_totalPrice, 
      ct_id, shop_id, or_pcount
      )
    values (#{orId,jdbcType=VARCHAR}, #{tbId,jdbcType=BIGINT}, #{orBegintime,jdbcType=TIMESTAMP}, 
      #{orEndtime,jdbcType=TIMESTAMP}, #{orStatus,jdbcType=INTEGER}, #{orTotalprice,jdbcType=DOUBLE}, 
      #{ctId,jdbcType=INTEGER}, #{shopId,jdbcType=INTEGER}, #{orPcount,jdbcType=INTEGER}
      )
  </insert>
  <insert id="insertSelective" parameterType="cn.yutang.backend.pojo.po.FoodOrders">
    <!--
      WARNING - @mbg.generated
      This element is automatically generated by MyBatis Generator, do not modify.
    -->
    insert into FoodOrders
    <trim prefix="(" suffix=")" suffixOverrides=",">
      <if test="orId != null">
        or_id,
      </if>
      <if test="tbId != null">
        tb_id,
      </if>
      <if test="orBegintime != null">
        or_beginTime,
      </if>
      <if test="orEndtime != null">
        or_endTime,
      </if>
      <if test="orStatus != null">
        or_status,
      </if>
      <if test="orTotalprice != null">
        or_totalPrice,
      </if>
      <if test="ctId != null">
        ct_id,
      </if>
      <if test="shopId != null">
        shop_id,
      </if>
      <if test="orPcount != null">
        or_pcount,
      </if>
    </trim>
    <trim prefix="values (" suffix=")" suffixOverrides=",">
      <if test="orId != null">
        #{orId,jdbcType=VARCHAR},
      </if>
      <if test="tbId != null">
        #{tbId,jdbcType=BIGINT},
      </if>
      <if test="orBegintime != null">
        #{orBegintime,jdbcType=TIMESTAMP},
      </if>
      <if test="orEndtime != null">
        #{orEndtime,jdbcType=TIMESTAMP},
      </if>
      <if test="orStatus != null">
        #{orStatus,jdbcType=INTEGER},
      </if>
      <if test="orTotalprice != null">
        #{orTotalprice,jdbcType=DOUBLE},
      </if>
      <if test="ctId != null">
        #{ctId,jdbcType=INTEGER},
      </if>
      <if test="shopId != null">
        #{shopId,jdbcType=INTEGER},
      </if>
      <if test="orPcount != null">
        #{orPcount,jdbcType=INTEGER},
      </if>
    </trim>
  </insert>
  <select id="countByExample" parameterType="cn.yutang.backend.pojo.po.FoodOrdersExample" resultType="java.lang.Long">
    <!--
      WARNING - @mbg.generated
      This element is automatically generated by MyBatis Generator, do not modify.
    -->
    select count(*) from FoodOrders
    <if test="_parameter != null">
      <include refid="Example_Where_Clause" />
    </if>
  </select>
  <update id="updateByExampleSelective" parameterType="map">
    <!--
      WARNING - @mbg.generated
      This element is automatically generated by MyBatis Generator, do not modify.
    -->
    update FoodOrders
    <set>
      <if test="record.orId != null">
        or_id = #{record.orId,jdbcType=VARCHAR},
      </if>
      <if test="record.tbId != null">
        tb_id = #{record.tbId,jdbcType=BIGINT},
      </if>
      <if test="record.orBegintime != null">
        or_beginTime = #{record.orBegintime,jdbcType=TIMESTAMP},
      </if>
      <if test="record.orEndtime != null">
        or_endTime = #{record.orEndtime,jdbcType=TIMESTAMP},
      </if>
      <if test="record.orStatus != null">
        or_status = #{record.orStatus,jdbcType=INTEGER},
      </if>
      <if test="record.orTotalprice != null">
        or_totalPrice = #{record.orTotalprice,jdbcType=DOUBLE},
      </if>
      <if test="record.ctId != null">
        ct_id = #{record.ctId,jdbcType=INTEGER},
      </if>
      <if test="record.shopId != null">
        shop_id = #{record.shopId,jdbcType=INTEGER},
      </if>
      <if test="record.orPcount != null">
        or_pcount = #{record.orPcount,jdbcType=INTEGER},
      </if>
    </set>
    <if test="_parameter != null">
      <include refid="Update_By_Example_Where_Clause" />
    </if>
  </update>
  <update id="updateByExample" parameterType="map">
    <!--
      WARNING - @mbg.generated
      This element is automatically generated by MyBatis Generator, do not modify.
    -->
    update FoodOrders
    set or_id = #{record.orId,jdbcType=VARCHAR},
      tb_id = #{record.tbId,jdbcType=BIGINT},
      or_beginTime = #{record.orBegintime,jdbcType=TIMESTAMP},
      or_endTime = #{record.orEndtime,jdbcType=TIMESTAMP},
      or_status = #{record.orStatus,jdbcType=INTEGER},
      or_totalPrice = #{record.orTotalprice,jdbcType=DOUBLE},
      ct_id = #{record.ctId,jdbcType=INTEGER},
      shop_id = #{record.shopId,jdbcType=INTEGER},
      or_pcount = #{record.orPcount,jdbcType=INTEGER}
    <if test="_parameter != null">
      <include refid="Update_By_Example_Where_Clause" />
    </if>
  </update>
  <update id="updateByPrimaryKeySelective" parameterType="cn.yutang.backend.pojo.po.FoodOrders">
    <!--
      WARNING - @mbg.generated
      This element is automatically generated by MyBatis Generator, do not modify.
    -->
    update FoodOrders
    <set>
      <if test="tbId != null">
        tb_id = #{tbId,jdbcType=BIGINT},
      </if>
      <if test="orBegintime != null">
        or_beginTime = #{orBegintime,jdbcType=TIMESTAMP},
      </if>
      <if test="orEndtime != null">
        or_endTime = #{orEndtime,jdbcType=TIMESTAMP},
      </if>
      <if test="orStatus != null">
        or_status = #{orStatus,jdbcType=INTEGER},
      </if>
      <if test="orTotalprice != null">
        or_totalPrice = #{orTotalprice,jdbcType=DOUBLE},
      </if>
      <if test="ctId != null">
        ct_id = #{ctId,jdbcType=INTEGER},
      </if>
      <if test="shopId != null">
        shop_id = #{shopId,jdbcType=INTEGER},
      </if>
      <if test="orPcount != null">
        or_pcount = #{orPcount,jdbcType=INTEGER},
      </if>
    </set>
    where or_id = #{orId,jdbcType=VARCHAR}
  </update>
  <update id="updateByPrimaryKey" parameterType="cn.yutang.backend.pojo.po.FoodOrders">
    <!--
      WARNING - @mbg.generated
      This element is automatically generated by MyBatis Generator, do not modify.
    -->
    update FoodOrders
    set tb_id = #{tbId,jdbcType=BIGINT},
      or_beginTime = #{orBegintime,jdbcType=TIMESTAMP},
      or_endTime = #{orEndtime,jdbcType=TIMESTAMP},
      or_status = #{orStatus,jdbcType=INTEGER},
      or_totalPrice = #{orTotalprice,jdbcType=DOUBLE},
      ct_id = #{ctId,jdbcType=INTEGER},
      shop_id = #{shopId,jdbcType=INTEGER},
      or_pcount = #{orPcount,jdbcType=INTEGER}
    where or_id = #{orId,jdbcType=VARCHAR}
  </update>
</mapper>