<?xml version="1.0" encoding="UTF-8"?>
<!DOCTYPE mapper PUBLIC "-//mybatis.org//DTD Mapper 3.0//EN" "http://mybatis.org/dtd/mybatis-3-mapper.dtd">
<mapper namespace="cn.yutang.backend.dao.PayDetailMapper">
  <resultMap id="BaseResultMap" type="cn.yutang.backend.pojo.po.PayDetail">
    <!--
      WARNING - @mbg.generated
      This element is automatically generated by MyBatis Generator, do not modify.
    -->
    <id column="pd_id" jdbcType="VARCHAR" property="pdId" />
    <result column="pm_id" jdbcType="INTEGER" property="pmId" />
    <result column="pd_ammount" jdbcType="DOUBLE" property="pdAmmount" />
    <result column="or_id" jdbcType="VARCHAR" property="orId" />
    <result column="shop_id" jdbcType="INTEGER" property="shopId" />
  </resultMap>
  <sql id="Example_Where_Clause">
    <!--
      WARNING - @mbg.generated
      This element is automatically generated by MyBatis Generator, do not modify.
    -->
    <where>
      <foreach collection="oredCriteria" item="criteria" separator="or">
        <if test="criteria.valid">
          <trim prefix="(" prefixOverrides="and" suffix=")">
            <foreach collection="criteria.criteria" item="criterion">
              <choose>
                <when test="criterion.noValue">
                  and ${criterion.condition}
                </when>
                <when test="criterion.singleValue">
                  and ${criterion.condition} #{criterion.value}
                </when>
                <when test="criterion.betweenValue">
                  and ${criterion.condition} #{criterion.value} and #{criterion.secondValue}
                </when>
                <when test="criterion.listValue">
                  and ${criterion.condition}
                  <foreach close=")" collection="criterion.value" item="listItem" open="(" separator=",">
                    #{listItem}
                  </foreach>
                </when>
              </choose>
            </foreach>
          </trim>
        </if>
      </foreach>
    </where>
  </sql>
  <sql id="Update_By_Example_Where_Clause">
    <!--
      WARNING - @mbg.generated
      This element is automatically generated by MyBatis Generator, do not modify.
    -->
    <where>
      <foreach collection="example.oredCriteria" item="criteria" separator="or">
        <if test="criteria.valid">
          <trim prefix="(" prefixOverrides="and" suffix=")">
            <foreach collection="criteria.criteria" item="criterion">
              <choose>
                <when test="criterion.noValue">
                  and ${criterion.condition}
                </when>
                <when test="criterion.singleValue">
                  and ${criterion.condition} #{criterion.value}
                </when>
                <when test="criterion.betweenValue">
                  and ${criterion.condition} #{criterion.value} and #{criterion.secondValue}
                </when>
                <when test="criterion.listValue">
                  and ${criterion.condition}
                  <foreach close=")" collection="criterion.value" item="listItem" open="(" separator=",">
                    #{listItem}
                  </foreach>
                </when>
              </choose>
            </foreach>
          </trim>
        </if>
      </foreach>
    </where>
  </sql>
  <sql id="Base_Column_List">
    <!--
      WARNING - @mbg.generated
      This element is automatically generated by MyBatis Generator, do not modify.
    -->
    pd_id, pm_id, pd_ammount, or_id, shop_id
  </sql>
  <select id="selectByExample" parameterType="cn.yutang.backend.pojo.po.PayDetailExample" resultMap="BaseResultMap">
    <!--
      WARNING - @mbg.generated
      This element is automatically generated by MyBatis Generator, do not modify.
    -->
    select
    <if test="distinct">
      distinct
    </if>
    <include refid="Base_Column_List" />
    from PayDetail
    <if test="_parameter != null">
      <include refid="Example_Where_Clause" />
    </if>
    <if test="orderByClause != null">
      order by ${orderByClause}
    </if>
  </select>
  <select id="selectByPrimaryKey" parameterType="java.lang.String" resultMap="BaseResultMap">
    <!--
      WARNING - @mbg.generated
      This element is automatically generated by MyBatis Generator, do not modify.
    -->
    select 
    <include refid="Base_Column_List" />
    from PayDetail
    where pd_id = #{pdId,jdbcType=VARCHAR}
  </select>
  <delete id="deleteByPrimaryKey" parameterType="java.lang.String">
    <!--
      WARNING - @mbg.generated
      This element is automatically generated by MyBatis Generator, do not modify.
    -->
    delete from PayDetail
    where pd_id = #{pdId,jdbcType=VARCHAR}
  </delete>
  <delete id="deleteByExample" parameterType="cn.yutang.backend.pojo.po.PayDetailExample">
    <!--
      WARNING - @mbg.generated
      This element is automatically generated by MyBatis Generator, do not modify.
    -->
    delete from PayDetail
    <if test="_parameter != null">
      <include refid="Example_Where_Clause" />
    </if>
  </delete>
  <insert id="insert" parameterType="cn.yutang.backend.pojo.po.PayDetail">
    <!--
      WARNING - @mbg.generated
      This element is automatically generated by MyBatis Generator, do not modify.
    -->
    insert into PayDetail (pd_id, pm_id, pd_ammount, 
      or_id, shop_id)
    values (#{pdId,jdbcType=VARCHAR}, #{pmId,jdbcType=INTEGER}, #{pdAmmount,jdbcType=DOUBLE}, 
      #{orId,jdbcType=VARCHAR}, #{shopId,jdbcType=INTEGER})
  </insert>
  <insert id="insertSelective" parameterType="cn.yutang.backend.pojo.po.PayDetail">
    <!--
      WARNING - @mbg.generated
      This element is automatically generated by MyBatis Generator, do not modify.
    -->
    insert into PayDetail
    <trim prefix="(" suffix=")" suffixOverrides=",">
      <if test="pdId != null">
        pd_id,
      </if>
      <if test="pmId != null">
        pm_id,
      </if>
      <if test="pdAmmount != null">
        pd_ammount,
      </if>
      <if test="orId != null">
        or_id,
      </if>
      <if test="shopId != null">
        shop_id,
      </if>
    </trim>
    <trim prefix="values (" suffix=")" suffixOverrides=",">
      <if test="pdId != null">
        #{pdId,jdbcType=VARCHAR},
      </if>
      <if test="pmId != null">
        #{pmId,jdbcType=INTEGER},
      </if>
      <if test="pdAmmount != null">
        #{pdAmmount,jdbcType=DOUBLE},
      </if>
      <if test="orId != null">
        #{orId,jdbcType=VARCHAR},
      </if>
      <if test="shopId != null">
        #{shopId,jdbcType=INTEGER},
      </if>
    </trim>
  </insert>
  <select id="countByExample" parameterType="cn.yutang.backend.pojo.po.PayDetailExample" resultType="java.lang.Long">
    <!--
      WARNING - @mbg.generated
      This element is automatically generated by MyBatis Generator, do not modify.
    -->
    select count(*) from PayDetail
    <if test="_parameter != null">
      <include refid="Example_Where_Clause" />
    </if>
  </select>
  <update id="updateByExampleSelective" parameterType="map">
    <!--
      WARNING - @mbg.generated
      This element is automatically generated by MyBatis Generator, do not modify.
    -->
    update PayDetail
    <set>
      <if test="record.pdId != null">
        pd_id = #{record.pdId,jdbcType=VARCHAR},
      </if>
      <if test="record.pmId != null">
        pm_id = #{record.pmId,jdbcType=INTEGER},
      </if>
      <if test="record.pdAmmount != null">
        pd_ammount = #{record.pdAmmount,jdbcType=DOUBLE},
      </if>
      <if test="record.orId != null">
        or_id = #{record.orId,jdbcType=VARCHAR},
      </if>
      <if test="record.shopId != null">
        shop_id = #{record.shopId,jdbcType=INTEGER},
      </if>
    </set>
    <if test="_parameter != null">
      <include refid="Update_By_Example_Where_Clause" />
    </if>
  </update>
  <update id="updateByExample" parameterType="map">
    <!--
      WARNING - @mbg.generated
      This element is automatically generated by MyBatis Generator, do not modify.
    -->
    update PayDetail
    set pd_id = #{record.pdId,jdbcType=VARCHAR},
      pm_id = #{record.pmId,jdbcType=INTEGER},
      pd_ammount = #{record.pdAmmount,jdbcType=DOUBLE},
      or_id = #{record.orId,jdbcType=VARCHAR},
      shop_id = #{record.shopId,jdbcType=INTEGER}
    <if test="_parameter != null">
      <include refid="Update_By_Example_Where_Clause" />
    </if>
  </update>
  <update id="updateByPrimaryKeySelective" parameterType="cn.yutang.backend.pojo.po.PayDetail">
    <!--
      WARNING - @mbg.generated
      This element is automatically generated by MyBatis Generator, do not modify.
    -->
    update PayDetail
    <set>
      <if test="pmId != null">
        pm_id = #{pmId,jdbcType=INTEGER},
      </if>
      <if test="pdAmmount != null">
        pd_ammount = #{pdAmmount,jdbcType=DOUBLE},
      </if>
      <if test="orId != null">
        or_id = #{orId,jdbcType=VARCHAR},
      </if>
      <if test="shopId != null">
        shop_id = #{shopId,jdbcType=INTEGER},
      </if>
    </set>
    where pd_id = #{pdId,jdbcType=VARCHAR}
  </update>
  <update id="updateByPrimaryKey" parameterType="cn.yutang.backend.pojo.po.PayDetail">
    <!--
      WARNING - @mbg.generated
      This element is automatically generated by MyBatis Generator, do not modify.
    -->
    update PayDetail
    set pm_id = #{pmId,jdbcType=INTEGER},
      pd_ammount = #{pdAmmount,jdbcType=DOUBLE},
      or_id = #{orId,jdbcType=VARCHAR},
      shop_id = #{shopId,jdbcType=INTEGER}
    where pd_id = #{pdId,jdbcType=VARCHAR}
  </update>
</mapper>