<?xml version="1.0" encoding="UTF-8"?>
<!DOCTYPE mapper PUBLIC "-//mybatis.org//DTD Mapper 3.0//EN" "http://mybatis.org/dtd/mybatis-3-mapper.dtd">
<mapper namespace="cn.yutang.backend.dao.PayMethodMapper">
  <resultMap id="BaseResultMap" type="cn.yutang.backend.pojo.po.PayMethod">
    <!--
      WARNING - @mbg.generated
      This element is automatically generated by MyBatis Generator, do not modify.
    -->
    <id column="pm_id" jdbcType="INTEGER" property="pmId" />
    <result column="pm_name" jdbcType="VARCHAR" property="pmName" />
    <result column="shop_id" jdbcType="INTEGER" property="shopId" />
  </resultMap>
  <sql id="Example_Where_Clause">
    <!--
      WARNING - @mbg.generated
      This element is automatically generated by MyBatis Generator, do not modify.
    -->
    <where>
      <foreach collection="oredCriteria" item="criteria" separator="or">
        <if test="criteria.valid">
          <trim prefix="(" prefixOverrides="and" suffix=")">
            <foreach collection="criteria.criteria" item="criterion">
              <choose>
                <when test="criterion.noValue">
                  and ${criterion.condition}
                </when>
                <when test="criterion.singleValue">
                  and ${criterion.condition} #{criterion.value}
                </when>
                <when test="criterion.betweenValue">
                  and ${criterion.condition} #{criterion.value} and #{criterion.secondValue}
                </when>
                <when test="criterion.listValue">
                  and ${criterion.condition}
                  <foreach close=")" collection="criterion.value" item="listItem" open="(" separator=",">
                    #{listItem}
                  </foreach>
                </when>
              </choose>
            </foreach>
          </trim>
        </if>
      </foreach>
    </where>
  </sql>
  <sql id="Update_By_Example_Where_Clause">
    <!--
      WARNING - @mbg.generated
      This element is automatically generated by MyBatis Generator, do not modify.
    -->
    <where>
      <foreach collection="example.oredCriteria" item="criteria" separator="or">
        <if test="criteria.valid">
          <trim prefix="(" prefixOverrides="and" suffix=")">
            <foreach collection="criteria.criteria" item="criterion">
              <choose>
                <when test="criterion.noValue">
                  and ${criterion.condition}
                </when>
                <when test="criterion.singleValue">
                  and ${criterion.condition} #{criterion.value}
                </when>
                <when test="criterion.betweenValue">
                  and ${criterion.condition} #{criterion.value} and #{criterion.secondValue}
                </when>
                <when test="criterion.listValue">
                  and ${criterion.condition}
                  <foreach close=")" collection="criterion.value" item="listItem" open="(" separator=",">
                    #{listItem}
                  </foreach>
                </when>
              </choose>
            </foreach>
          </trim>
        </if>
      </foreach>
    </where>
  </sql>
  <sql id="Base_Column_List">
    <!--
      WARNING - @mbg.generated
      This element is automatically generated by MyBatis Generator, do not modify.
    -->
    pm_id, pm_name, shop_id
  </sql>
  <select id="selectByExample" parameterType="cn.yutang.backend.pojo.po.PayMethodExample" resultMap="BaseResultMap">
    <!--
      WARNING - @mbg.generated
      This element is automatically generated by MyBatis Generator, do not modify.
    -->
    select
    <if test="distinct">
      distinct
    </if>
    <include refid="Base_Column_List" />
    from PayMethod
    <if test="_parameter != null">
      <include refid="Example_Where_Clause" />
    </if>
    <if test="orderByClause != null">
      order by ${orderByClause}
    </if>
  </select>
  <select id="selectByPrimaryKey" parameterType="java.lang.Integer" resultMap="BaseResultMap">
    <!--
      WARNING - @mbg.generated
      This element is automatically generated by MyBatis Generator, do not modify.
    -->
    select 
    <include refid="Base_Column_List" />
    from PayMethod
    where pm_id = #{pmId,jdbcType=INTEGER}
  </select>
  <delete id="deleteByPrimaryKey" parameterType="java.lang.Integer">
    <!--
      WARNING - @mbg.generated
      This element is automatically generated by MyBatis Generator, do not modify.
    -->
    delete from PayMethod
    where pm_id = #{pmId,jdbcType=INTEGER}
  </delete>
  <delete id="deleteByExample" parameterType="cn.yutang.backend.pojo.po.PayMethodExample">
    <!--
      WARNING - @mbg.generated
      This element is automatically generated by MyBatis Generator, do not modify.
    -->
    delete from PayMethod
    <if test="_parameter != null">
      <include refid="Example_Where_Clause" />
    </if>
  </delete>
  <insert id="insert" parameterType="cn.yutang.backend.pojo.po.PayMethod">
    <!--
      WARNING - @mbg.generated
      This element is automatically generated by MyBatis Generator, do not modify.
    -->
    insert into PayMethod (pm_id, pm_name, shop_id
      )
    values (#{pmId,jdbcType=INTEGER}, #{pmName,jdbcType=VARCHAR}, #{shopId,jdbcType=INTEGER}
      )
  </insert>
  <insert id="insertSelective" parameterType="cn.yutang.backend.pojo.po.PayMethod">
    <!--
      WARNING - @mbg.generated
      This element is automatically generated by MyBatis Generator, do not modify.
    -->
    insert into PayMethod
    <trim prefix="(" suffix=")" suffixOverrides=",">
      <if test="pmId != null">
        pm_id,
      </if>
      <if test="pmName != null">
        pm_name,
      </if>
      <if test="shopId != null">
        shop_id,
      </if>
    </trim>
    <trim prefix="values (" suffix=")" suffixOverrides=",">
      <if test="pmId != null">
        #{pmId,jdbcType=INTEGER},
      </if>
      <if test="pmName != null">
        #{pmName,jdbcType=VARCHAR},
      </if>
      <if test="shopId != null">
        #{shopId,jdbcType=INTEGER},
      </if>
    </trim>
  </insert>
  <select id="countByExample" parameterType="cn.yutang.backend.pojo.po.PayMethodExample" resultType="java.lang.Long">
    <!--
      WARNING - @mbg.generated
      This element is automatically generated by MyBatis Generator, do not modify.
    -->
    select count(*) from PayMethod
    <if test="_parameter != null">
      <include refid="Example_Where_Clause" />
    </if>
  </select>
  <update id="updateByExampleSelective" parameterType="map">
    <!--
      WARNING - @mbg.generated
      This element is automatically generated by MyBatis Generator, do not modify.
    -->
    update PayMethod
    <set>
      <if test="record.pmId != null">
        pm_id = #{record.pmId,jdbcType=INTEGER},
      </if>
      <if test="record.pmName != null">
        pm_name = #{record.pmName,jdbcType=VARCHAR},
      </if>
      <if test="record.shopId != null">
        shop_id = #{record.shopId,jdbcType=INTEGER},
      </if>
    </set>
    <if test="_parameter != null">
      <include refid="Update_By_Example_Where_Clause" />
    </if>
  </update>
  <update id="updateByExample" parameterType="map">
    <!--
      WARNING - @mbg.generated
      This element is automatically generated by MyBatis Generator, do not modify.
    -->
    update PayMethod
    set pm_id = #{record.pmId,jdbcType=INTEGER},
      pm_name = #{record.pmName,jdbcType=VARCHAR},
      shop_id = #{record.shopId,jdbcType=INTEGER}
    <if test="_parameter != null">
      <include refid="Update_By_Example_Where_Clause" />
    </if>
  </update>
  <update id="updateByPrimaryKeySelective" parameterType="cn.yutang.backend.pojo.po.PayMethod">
    <!--
      WARNING - @mbg.generated
      This element is automatically generated by MyBatis Generator, do not modify.
    -->
    update PayMethod
    <set>
      <if test="pmName != null">
        pm_name = #{pmName,jdbcType=VARCHAR},
      </if>
      <if test="shopId != null">
        shop_id = #{shopId,jdbcType=INTEGER},
      </if>
    </set>
    where pm_id = #{pmId,jdbcType=INTEGER}
  </update>
  <update id="updateByPrimaryKey" parameterType="cn.yutang.backend.pojo.po.PayMethod">
    <!--
      WARNING - @mbg.generated
      This element is automatically generated by MyBatis Generator, do not modify.
    -->
    update PayMethod
    set pm_name = #{pmName,jdbcType=VARCHAR},
      shop_id = #{shopId,jdbcType=INTEGER}
    where pm_id = #{pmId,jdbcType=INTEGER}
  </update>
</mapper>